Year,Median_Invest,Median_Enroll,Median_Federal,Median_Instruction
2005,4.995000647,687839,558850,3094019
2007,5.50874342,654331,612334.5,3455938
2009,6.107254757,666316,685211,3845313.5
2011,6.164724125,669033.5,986098.5,3766918.5
2013,6.214440548,678227,711733,3786032
2015,6.455276729,680095,702122,3831918